,Job_Name,Link,Job_Location,Mathematics,Statistics,Linear Algebra,Python,R,Java,Scala,C/C++,MATLAB,Excel,SAS,Object-oriented programming,SQL/databases,NoSQL,SPSS,Stata,Access,Data Mining/Analytics,Visualisation,Tableau,Power BI,Matplot,Machine Learning,KNN,SVM,K-means,Multivariate Analysis,Regression,Classification,NLP,Deep Learning,Time-series,Simulation,Big Data,AWS Cloud,Google Cloud,Databricks,Azure,IBM Cloud,API,Operations research,DevOps,Git,SDLC,Critical Thinking,Effective Communication,Problem Solving,Team building,Work Ethic,Project Management,Time Management,Management,Innovation,Leadership,Decision Making,Consulting
0,Data Scientist - Price Point ?€? Start-up company,https://www.indeed.ca/pagead/clk?mo=r&ad=-6NYlbfkN0BJik0eOC2RiRcwALxZHhvolY0CiBGpIrD3jqHmT6hgcj9GGUq3nwzxcDRn3ID9hoVNHpFJfiMZVIbTLeSDpYan5EjveM5VSQwxb-wIO8ETF4oPSskyJ3pEfTv-zY2o0QbQu5_0OiN2yCjGhN3QnRe8qiMdVFW4YY4g9mCzo-k9nXgXPtIli-u4j3Pr9Br3EZ_9Yf2__PwewqtSLTzi0STxQf2-3AxizVKVRUVxhP_JlGIJmXvfxCv-j_0xpRB1ivQ3m4k0Kxm5oLEA7SXvG47Np6zed1OiBjdY4QhpwLqdVSx97kCx3grH3nFNgPXRL6_xBfHXTY1dIjCUaXTLizoHtxxvTzgiirFWBdyxIz_Mmf2JXpPzrST2thQXB7hpmbCziFGt3VOBo0VwaRHS_ejpCaol2YA2LkQs02Y9g3rWJ5Akc2FmrxktC86Zeu70ILHeZ2wlhrCztQyXZoXNpQ1Ro3YbzAb9IVMXJqN8QdMu55i97rkMhgzPoD-HSm0lShcT0WANouhnifLQ2OB5VbViC2KiJCV-n779y9U7c00z_fS_Hgru8PEebYo4enQZffxMM7UnTPengoVtI8aFTcoF&p=0&fvj=0&vjs=3,Vancouver,,,,,,,,,,,,,,,,,,1,,,,,1,,,,,,,,1,,,,,,,,,,,,,,,,,,,,,,,,,
1,Data Scientist,https://www.indeed.ca/pagead/clk?mo=r&ad=-6NYlbfkN0AxBcP6HhQEU3zmHoNFqyX3B9I-4Be35b4HknnWHPZOgeuwSghkS3NkeR7ZiZXPX-f-aI9oGN5K_2g6eOEzQa1r1W3NCqkbdb-D2VldDgGH4NAMzWSjaMWbc9_Bf0XdlcVZE2L3jReRcm_TB4rJfeYJMAbDW6oyAfWG9ixNBwfFiR01ocGtUkg5E_orsl2dmh0FK3p8zpj3tp-J8rZK3NHPoSd8xWyJJG6h8XVaegiy-q9NMupigK5AF9KqiUJpSXZSFK2V_tzu0YB321kcikY3G4pSYqNtDkFedFwemn_LBBxvuoIYkX8jVWfM8vhGnCL0RdMMQoaxwLDvVdBJwZLanYIN4miyh9JLJXQPlovmE5jB6Kta5mTCkarhm3GLn4hOPxVJQqtiLcr6PB2yGG25HsQM7JYh9KUmYIsNL478L3wmXlxBSkp4NbXxyriO23Vio3Bc9SW7UqHPnzmzSG7S&p=1&fvj=0&vjs=3,Vancouver,1,1,,1,1,,,,1,1,,,,,,,,1,1,,,,1,,,,,1,,,1,1,,,1,,,,,,,,,,1,1,,,,,,1,,,,1
2,Business Intelligence Analyst,https://www.indeed.ca/pagead/clk?mo=r&ad=-6NYlbfkN0A9XVhyRKNL2TX6EPOBOteYJsujN_zCQhW7yXpv3_Vta_zt9SQHdCgJ_GxGlUUf1HiwswchMd0Wn8Vdxx-UP4pa7qsBsT6xY_SzAB4PpeBVECaswBgYxeHn7_XA91Fghlpke0d9tdOvzdXT6u37xXYPL7YPUkJOaOb4eZnmPk1xknYDGfXbMiq_Y_hXduGPC2TYSECjE4oJkn5nQH86QALUxbaFU9cPQDPUU8t2EBRmT2-Ca32FnQukYGd4DkT7A9O46w3Gb6K5GdVx0EIYjA3gAB06Q3ePWYA6QAiACuwGbsRmLUC4TVCfPvwNURitlbt0tF6WbosL_UcKVXowX-ChNrasI0fZGI86IF2O2ji4fKaEHn4Xhfw-AUVC7YJa_c5PuGyKEZEQngc41mNpPo7-YKlJS1uRDI7RLqywLBv9QhVl5bDqS0xFjyfI-8MeBhFVDnMpQkV6pA6QClg8vjU_TiVNglMC3LhMQDSzWzOPgIxQShp6gJOEHYvWGOYZTYLoG9acN2kIUw==&p=2&fvj=0&vjs=3,Vancouver,,1,,1,1,,,,,1,,,1,,,,1,1,1,,1,,,,,,,,,,1,,,,,,,,,,,,,,1,1,,1,,,,1,,,1,
3,"Manager of Data Science, RACE21 - Vancouver",https://www.indeed.ca/pagead/clk?mo=r&ad=-6NYlbfkN0COgb4V2UjYp9qNsKIGOmvHVcG-yHWz9LDaJaVNeOircGVmevR22BHAEkSB5zKUi-irKhEHlKXDlbF7lftbogRKpBoop5J137A6e6PFWQjD55YbGNoQEyva4xbvNixJKGUuu4V8SVevVCAOnZCw-1BBn28P2BR7otYT2L8JgXSyyTv2lQQqr88hrQG825L4B614n7WmM0Ts51jTjIkDkaqQ5_8jCPW05RZOZwD8ZCgYseCPeim4mcBe0pUI9TSVRaIKmxth11Zyv5LBcb_2W1B-_fjpBpO8xpMNBqWgsGUV-2fr-Rnirf5589Yb7N5NIPFPeBGITP8Rugo9xF6qStO4nH4pk16jgQd5qeBKZ5hEGkxZe4TzDi56liGKzZ54OnJxInMD04JcF4VImw-zJGGH9RJt38_m8EBwYOEkbXfsXIjlK93s3OjrWVrHpBXON3LSVTYvXZM6bU4AYzD221NDroPNbKLafvFmsb8v6Lk2D7uRmH1vLO_vBs6TO6jWExqt-04-3OOvzNmmxZr4wleNPX8DgdOoSN9bCqU64KUmZFWLRObDlHpUq4iFUwLq0S6rlPE4HjlsfDtcQJz_UzJxVkU3ekvMJmvtgMj24W2Y0HjxwadqnQ9fSn-Ed-Rqt5rcbkwqqfgKTX7Mf7XM14MhoXzRARWTDh8=&p=3&fvj=1&vjs=3,Vancouver,1,1,,,,,1,,,1,,,,,,,,1,,,,,1,,,,,,,,1,,,1,,1,,,,,,,1,1,1,1,,,,,,1,1,1,,
4,"Summer Camp Instructors - Film, Robotics, Java, AI & Data Science, + More!",https://www.indeed.ca/pagead/clk?mo=r&ad=-6NYlbfkN0CNcpJbx75BWsvBL9R7x7Y_VD3CTIput4kyPakBFyE1nhmQ6JjQgOugrn4IvQWSn84olPPBUEy4G42xqj4Yz8F5pNfbZ5wBVPNVNzc40w8TYsD9TJx7I5bZOkb6nEqPjiiQlytIiKtFBRjgC0cJ10LEQ1GjzIcUH-dCXnFtF1p6RynURo5TUwswTjt5IF3B6L_76vTIM82E1_p2_rWChQpT7OmRE-L8nGB644F7Pz0ktggkLFDhu4aahfNgaLkMRaHcCCVRcgicK8cKOeODqHsOw65DreC6sSjufEmXiaDUvbrYEDvzKdSM06WwWf0_ojrUPg6ZLdE7zt047qSkJNP4iEjaf7G114Rs28QwzF0Kq4b2fvt_G_I6600BCD8RGP3koPinwaJ4VbEmDJ1cQ11-SjaF_TwFEMOq_WaW1ZfTrCC8u7PUFpmyz2PI7S7DnbvRsgx23Sx6ld__q_lzxsJjV2UHTept85SyY0s1lsLxwGzJOAYTDKsZAe4WW7NJqEqp7tNEMSt8WQ==&p=4&fvj=1&vjs=3,Vancouver,,,,1,,1,,,,1,,,,,,,,,,,,,1,,,,,,,,,,,,,,,,,,,,1,,,1,,,,,,,1,,,
5,Data Scientist,https://www.indeed.ca/pagead/clk?mo=r&ad=-6NYlbfkN0AbcLYJH6EEU2hhfUhIe4V-wtZUPXOEfJh72XLwlGjJwXW5GoFa_FpE5T_tYPp8kQ7XdGi53E9kuRHlvWyVxJs7IHFa9CbcbNEaFpC5Jr-szMySZflEEKoLreGUdNZrrTp7w3AkCviqTM5FVG9uTkQA_tSm2YX1zKEnVcKUwD-eJGkcwLrOhKdyfYXFTqdm38bOn4U2i4NW5mN6PTqE_ACwL192IXDFfrUBD_0oa2AqqGRuGB86i_oStWtt2AfNsHSX4FTeNeye4826i3bXZDrmwJjTRygcnwcdzqH2tZ4E3lMhz0Lk-KwUCyhQ7AP2eMwdavQuVjKjj8Y5G8YmYBObC7bAuaeJOPUN1MunagbOyK2w_8NOBLbaMmJs2HKUgfns9IDZgm2zR7KaN6pVfrdywCrAoycmLpBUVczAE_cGig-5VWxNNlSj&p=5&fvj=0&vjs=3,Vancouver,1,1,,1,,,1,,,1,,,,,,,,1,,,,,1,,,,,1,,,,,,,1,,,,,,,,,1,1,1,1,,,,,1,1,,,
6,Associate Data Scientist,https://www.indeed.ca/company/TrainTurf-Academic-Solutions-Limited/jobs/Associate-Data-Scientist-00381d776459e0a4?fccid=614cb4a692adf0cc&vjs=3,Vancouver,,1,,1,1,,,1,,1,,,1,,,,,1,,,,,1,,,,,1,1,,1,,1,1,,,,,,,,,1,,1,1,1,,,,,,,1,,
7,Data Scientist,https://www.indeed.ca/rc/clk?jk=e839795041f7a72b&fccid=bcfb39af889db96e&vjs=3,Vancouver,,,,,,,1,,,,,,,,,,,1,,,,,,,,,,,,,1,,,,,,,,,,,,,,1,,,,,,,,,1,,
8,Data Scientist I,https://www.indeed.ca/rc/clk?jk=0482807268e83984&fccid=fe2d21eef233e94a&vjs=3,Vancouver,,1,,1,1,,,,1,,,,,,,,,,,,,,1,,,,,1,,,,,,,,,,,,,,,,,,,,,,,,,,,,
9,Data Scientist Intern,https://www.indeed.ca/rc/clk?jk=d02f9e5a29316877&fccid=027d7cca25a5d14f&vjs=3,Vancouver,1,1,,1,1,,,,,,,,1,,,,,1,1,,,,1,,,,,,,,,,,,1,1,,1,,1,,,1,,1,1,,,,,,1,,1,,
10,Jr. Data Science Developer,https://www.indeed.ca/company/SkyHive-Technologies-Inc./jobs/Junior-Data-Science-Developer-e1c3cd2745c5a196?fccid=4a1dc72d5148c33a&vjs=3,Vancouver,,,,1,,,,,,,,,1,1,,,,1,,,,,1,,,,,,,1,1,,,1,1,,,1,,,,,,,,,,1,,1,,1,,,,
11,Data Scientist,https://www.indeed.ca/rc/clk?jk=ffd9494267cb9bb3&fccid=3978229785e77296&vjs=3,Vancouver,1,1,,1,1,,,,,1,,,1,,,,1,1,,,,,1,,,,,1,1,,1,,,1,,,,,,,1,1,,,,,,,,,,,1,,,
12,Data Scientist,https://www.indeed.ca/rc/clk?jk=bb6370f3733578ab&fccid=4a1dc72d5148c33a&vjs=3,Vancouver,,,,1,,,,,,,,,,,,,,1,,,,,1,,,,,,,1,1,,,1,,,,,,,,,,,,,,,,,,,,,,
13,Data Scientist - Price Point ?€? Start-up company,https://www.indeed.ca/rc/clk?jk=19986b3e9077c8d8&fccid=8d08a26504cbffaa&vjs=3,Vancouver,,,,,,,,,,,,,,,,,,1,,,,,1,,,,,,,,,,,,,,,,,,,,,,,,,,,,,,,,,
14,Data scientist (summer intern),https://www.indeed.ca/rc/clk?jk=61b87c72968ffadc&fccid=b1bd9b34a39d5dcd&vjs=3,Vancouver,,,,,,,,,,,,,,,,,,,,,,,,,,,,,,,,,,1,,,,,,,,,,,1,,,,,,,,1,,,
15,Data Scientist,https://www.indeed.ca/rc/clk?jk=8da501c3c9ecf27a&fccid=e98b37c86f8eec83&vjs=3,Vancouver,1,1,,1,1,,,,,1,,,1,1,,,,1,1,,,1,1,,,,,1,1,,1,,1,1,1,,,,,,1,,1,1,1,1,,,,,,1,1,,,
16,Data Scientist,https://www.indeed.ca/rc/clk?jk=9a72f72fb4ac3349&fccid=ba0258f8d688a88d&vjs=3,Vancouver,1,1,,1,,,,,,,,,1,,,,,,1,,,,1,,,,,,,,1,,,,,,,,,,,,1,1,1,,,,,,,,,,,
17,Data Scientist,https://www.indeed.ca/rc/clk?jk=5e89eba02c5eb6ac&fccid=dd616958bd9ddc12&vjs=3,Vancouver,,1,,1,1,,1,,,,,,1,,,,1,,1,,,1,1,,,,,1,1,,1,1,,1,1,,,,,,,,1,1,1,,,,,,,,,,,
18,Senior Data Scientist AI@Unity,https://www.indeed.ca/rc/clk?jk=b828405129aea915&fccid=880e4714f2ad94a8&vjs=3,Vancouver,1,1,,1,,,,,,,,,,,,,1,1,,,,,1,,,,,,,,1,,,1,,,,,,,,,,,,,,,,,,,1,,,
19,Data Scientist - FIFA,https://www.indeed.ca/rc/clk?jk=c0ae68331131f536&fccid=617d7f961cfcf54a&vjs=3,Vancouver,1,,,1,,,1,1,,,1,,1,,,,,,1,1,,1,1,,,,,,,,,,,1,,,,,,,,,,1,,,,,,,,,,,,
20,Data Scientist,https://www.indeed.ca/rc/clk?jk=154d0bb80bf65630&fccid=7b7909227bb8e2af&vjs=3,Vancouver,1,1,,1,1,,,,,,,,1,,,,,,,,,,1,,,,,,,1,1,,,,1,,,,,,,,1,,,,,,,,,,,,,
21,Jr. Data Science Developer,https://www.indeed.ca/rc/clk?jk=499d95e04a3541b4&fccid=4a1dc72d5148c33a&vjs=3,Vancouver,,,,1,,,,,,,,,1,1,,,,1,,,,,1,,,,,,,1,1,,,1,1,,,1,,,,,,,,,,1,,1,,1,,,,
22,"Data Scientist, Analytics and Machine Learning",https://www.indeed.ca/rc/clk?jk=5910af252937b30c&fccid=0d3fa1b8c4aea5ad&vjs=3,Vancouver,,,,1,,1,,,,,,,,,,,,1,,,,,1,,,,,,,1,1,,,1,,,,,,,,,,,,1,,,,,,,,,,
23,Data Scientist,https://www.indeed.ca/rc/clk?jk=c93119cc55a5d6a0&fccid=163ccc336a959b8b&vjs=3,Vancouver,,,,1,1,,,,,1,,,1,,,,1,1,1,1,,1,1,1,1,,,1,1,,1,,,1,1,1,,,,,,,1,,,1,,,,,,,1,,,
24,"Sr Data Analyst, UFC Mobile",https://www.indeed.ca/rc/clk?jk=66f0ac4e7f12125d&fccid=617d7f961cfcf54a&vjs=3,Vancouver,1,1,,1,1,,,,,1,,,1,,,,,1,1,1,,,1,,,,,,,,,,,,,,,,,,,,1,,1,,,,,,,,,,,
25,"Lead Data Scientist, RACE21",https://www.indeed.ca/rc/clk?jk=2b8e32e32a1ae29b&fccid=33dfaa8965cf2bf4&vjs=3,Vancouver,1,1,,1,1,,,,,1,,,1,,,,,1,,,,,1,,,,,,,,1,,,1,,1,,1,,,,,1,,1,1,,,,,1,1,1,1,,1
26,Machine Learning Engineer,https://www.indeed.ca/pagead/clk?mo=r&ad=-6NYlbfkN0A7000hUPCMxGwW2vqsju70Hf0EmrA2m_tK6c2VLeUIj5C-hNWZWv1liZIjGouVFiVOg6OT8CpUmF1n_f11WJfONSxoCVSVD-pmGRoRLbRHfApxYpkLW8SR1oTN6-QA-ZuEolVZSBnNmS07jnBAipSSfGkhxjLhYQ9wKUIBadUBbp54zgkP-H-kyIvDlEOMT2SmdWCqutoktqzPGfMqBoDU4dvNOt3DUTgQxfL51r3A76e1zxfSRhAoLbd8V18KMjFR4YZG3avaIyNp7ToUzt9NmrkGLGaoUPzzST0OZgAZpBhiVPt4FTmpOuzAGHhcQGk-mwEmBUBvKJgNK4oMg-yY2efk10cxL1zwDB0iQC6xxgD74buZhnbQ30-lXYBfXuZjScaBarldWqXX_V9m1vgSgET1EbtGtiZfF3AGsNv1vnbs0MPHjxU1fPxYKF-4IGEyaY8kDMiHiidchfmaZfr3&p=26&fvj=1&vjs=3,Vancouver,1,1,,1,,,,1,,,,,1,,,,,1,,,,,1,,,,,,,,1,,,,,,,,,,,,1,,,1,,,,,,,,,,
27,Data Scientist - Price Point ?€? Start-up company,https://www.indeed.ca/pagead/clk?mo=r&ad=-6NYlbfkN0BJik0eOC2RiRcwALxZHhvolY0CiBGpIrD3jqHmT6hgcj9GGUq3nwzxcDRn3ID9hoVNHpFJfiMZVIbTLeSDpYan5EjveM5VSQwxb-wIO8ETF4oPSskyJ3pEfTv-zY2o0QbQu5_0OiN2yCjGhN3QnRe8qiMdVFW4YY4g9mCzo-k9nd84C_4lnVP-mtXKK2wY5QSW6nZKhUcNE6xWOh9k70BdlVSrPXP_Fns9BVnLrHntyDUZTHR-jqb-AtzWW3S4Szbq2YZTDrU8EMQBhFgohYCjDPZy5b6MUQqXgGIFeDFwWtqaBwUi5ZUJPK0vdab6G1v_YlB80UggYnAVuRH_SF17R-6iIb_mGnpta9n1LcV1Kq9K5VgALepTUP5HONUvrvhYiriYx1S71vjAiIxtSyTQrdPUHSW5Y1i7j_vGTrYGOwqKSRRqhGwJJb5uejWwmLp2hNScetbEnBRQGmHZei-ICNvASRYVgcz8c4lP5hfY6NS_k5XcLLG5siHQCExY9k4177UC1l3ruZ9q_Uwh7fsRUJDM_EbINa1E8qy3rLQqvq-jLM0U1D6jBBPg5fv6BZNViaZLyj8qknEWhsg5_CuP&p=0&fvj=0&vjs=3,Vancouver,,,,,,,,,,,,,,,,,,1,,,,,1,,,,,,,,1,,,,,,,,,,,,,,,,,,,,,,,,,
28,Data Scientist,https://www.indeed.ca/pagead/clk?mo=r&ad=-6NYlbfkN0AxBcP6HhQEU3zmHoNFqyX3B9I-4Be35b4HknnWHPZOgeuwSghkS3NkeR7ZiZXPX-f-aI9oGN5K_2g6eOEzQa1r1W3NCqkbdb-D2VldDgGH4NAMzWSjaMWbc9_Bf0XdlcVZE2L3jReRcm_TB4rJfeYJMAbDW6oyAfWG9ixNBwfFiX1B0et5AiDUsnkmwpZwytF_c9bg6b5EAykK8KjIdjxiyOkPJTHnQwpFIyjq3UjVbcAZ74rPRcLXpmCcQ_R_IfxYIEl-7vc9sYhkDAe2QBwb338kKY2MoMGEAO8l5E6u33haQ7Enwgx9oriq8WTYeS9KFQ6w10Lbiy2XDEvJQ30nukO6JqXkdSwcP2c5JBp8UZpE9S9nV-aIKNVqygg11rPX60RJfhfmBkdXz-PhLVIEli6pdilzpnXhe-2KHqgks1Ljf8dzojKbyOiaG5AHW4NAbW9jhi9xzdQVkIT688xF&p=1&fvj=0&vjs=3,Vancouver,1,1,,1,1,,,,1,1,,,,,,,,1,1,,,,1,,,,,1,,,1,1,,,1,,,,,,,,,,1,1,,,,,,1,,,,1
29,"Summer Camp Instructors - Film, Robotics, Java, AI & Data Science, + More!",https://www.indeed.ca/pagead/clk?mo=r&ad=-6NYlbfkN0CNcpJbx75BWsvBL9R7x7Y_VD3CTIput4kyPakBFyE1nhmQ6JjQgOugrn4IvQWSn84olPPBUEy4G42xqj4Yz8F5pNfbZ5wBVPNVNzc40w8TYsD9TJx7I5bZOkb6nEqPjiiQlytIiKtFBRjgC0cJ10LEQ1GjzIcUH-dCXnFtF1p6RynURo5TUwswrVyfcaY93YTuZ4K7fAVMt83VaKTpE8j_zU0cxdjUBS5EC5jUb_Q_J7GxRUsoKk4hQv73-9ZbokJ6BqluQOWZ2r_cUtDjGHBVdKIZTdip36kszc6McMmD6BTDVvtjplJGLpSXE-VtdUhcirX_y_cD789xOFeg9gI-8qgihTy914RVMkt_7QyUQy-51aoSKmxh_OpQrenN6zDaQ4_Px851quOivmAZroLGX4Q3U5-VHb08y8Cy_kFY_1PMxRwAVbXRR5LSypDXNd4EMpU2AQDgIHB2HXuuRFb9mDHCWuoHWMjpJPjYRjQslM5FSatzRhiiWUR8yyWggGufAUYXAH8ZPA==&p=2&fvj=1&vjs=3,Vancouver,,,,1,,1,,,,1,,,,,,,,,,,,,1,,,,,,,,,,,,,,,,,,,,1,,,1,,,,,,,1,,,
30,Data Scientist,https://www.indeed.ca/pagead/clk?mo=r&ad=-6NYlbfkN0AbcLYJH6EEU2hhfUhIe4V-wtZUPXOEfJh72XLwlGjJwXW5GoFa_FpE5T_tYPp8kQ7XdGi53E9kuRHlvWyVxJs7IHFa9CbcbNEaFpC5Jr-szMySZflEEKoLreGUdNZrrTp7w3AkCviqTM5FVG9uTkQA_tSm2YX1zKEnVcKUwD-eJKSh94AG2zUyzfz_Rw6E06IhpzBNv-RregPf9nHzKKyay0ekaP-jw-eui7Qlza4w-PCHJ9t_fRnZQi-DFPCNYaIwiLi0-ZaI9zin7VJc_E6u6Vs4Cj7jMj7bstukdOc-w3g26_zcUxEBTNzhUY3CYBRMwfwrR6er-nqhmygL0vI43Wo3uSCSQmJUG9EefZ4tGpsJNj5XmBbVKy-k-ElzTL4PgnpOf98BtdiWi6XFbsnaAXObVyd8DjCZ_H6CN0DY7TnkpRQ95FJr&p=3&fvj=0&vjs=3,Vancouver,1,1,,1,,,1,,,1,,,,,,,,1,,,,,1,,,,,1,,,,,,,1,,,,,,,,,1,1,1,1,,,,,1,1,,,
31,"Manager of Data Science, RACE21 - Vancouver",https://www.indeed.ca/pagead/clk?mo=r&ad=-6NYlbfkN0COgb4V2UjYp9qNsKIGOmvHVcG-yHWz9LDaJaVNeOircGVmevR22BHAEkSB5zKUi-irKhEHlKXDlbF7lftbogRKpBoop5J137A6e6PFWQjD55YbGNoQEyva4xbvNixJKGUuu4V8SVevVCAOnZCw-1BBn28P2BR7otYT2L8JgXSyyTv2lQQqr88hRxQJ4VHF8opYRUDk6XslDjIMbeD-97NI_czCYfh6QNMKgz_A6PWbzhvjlYM9TTW40iJZc-Xrb_OyfeDTpAwYfRewC10WQ1KLCDSSR2xmvzp5jS_RUGPJsNB79VdjHEOz6SDdKH3WjYl0u70Hf7uzGYoNThLb1o6CSDlnAPGP3xQMtTIw_ut0lxrj8A6sUdTv7hOy4MAw-n--hoe-oMDuQCqia3oqrRUI4Hxqe9Fu5Yquiu2vpAH2w0jQxjmAtlZ_GjJoJ2ipAYZyUJ1Y82W4dEwE2D9Syqfi6TCcH7qOKX9bXv2WIlIp1B4NeMX2quwgBabombxzcRZrnKyVLgQ_buWkUP_9nfzSPaWU4OXBynP-Zq5EkuReZ4_Te3Ij6JZdGvoKMjujovorQQkfnDaZPN5p-gTyS7oKBHzKzXbexEKifqS9msAaBROe-HqVK4rRafTfBTt3B7B8JP1HaNIS_MxnaGP9kt4PkUy1KnqIq2s=&p=4&fvj=1&vjs=3,Vancouver,1,1,,,,,1,,,1,,,,,,,,1,,,,,1,,,,,,,,1,,,1,,1,,,,,,,1,1,1,1,,,,,,1,1,1,,
32,Senior Data Analyst,https://www.indeed.ca/rc/clk?jk=bbeb02962e6d12f4&fccid=0eb6bfa916196cb8&vjs=3,Vancouver,,,,1,,,,,,1,,,1,,,,1,1,,,,,,,,,,,,,,,,,,,,,,,,,,,1,,,,,,,1,,,,1
33,Data Scientist - Planning Team,https://www.indeed.ca/rc/clk?jk=73696585b1d3afaa&fccid=711526f7ec4307bf&vjs=3,Vancouver,,1,,1,,,,,,1,,,1,,,,1,,,,,,,,,,,,,,1,1,,,,,,,,,1,,1,,1,,,,,,,1,1,,,
34,Applied Scientist II,https://www.indeed.ca/rc/clk?jk=84ee47be32aed34f&fccid=fe2d21eef233e94a&vjs=3,Vancouver,,1,,,,,,,,,,,,,,,,1,,,,,1,,,,,,1,,,,,1,,,,,,,,,,1,1,,,,,1,,1,1,,,
35,Data Scientist - RACE21,https://www.indeed.ca/rc/clk?jk=dd58e13fddcc99a9&fccid=33dfaa8965cf2bf4&vjs=3,Vancouver,,,,,1,,1,,,1,,,,,,,,1,,,,,1,,,,,,,,1,,,1,,,,,,,,,1,,1,1,1,,,,,,1,1,,
36,Senior Data Scientist,https://www.indeed.ca/rc/clk?jk=6344f097204ba2e2&fccid=156c7820d1988640&vjs=3,Vancouver,1,1,,1,1,,1,1,,,,,1,,,,,1,1,,1,,1,,,,,1,1,1,1,1,,,,,,,,,,,,,1,,,,,,,1,1,,,
37,Machine learning / image processing - Apr to Sep,https://www.indeed.ca/company/Autometrics-Manufacturing-Technologies-Inc/jobs/Machine-Learning-ea79dcb3a981c213?fccid=0be6d13beb4f2244&vjs=3,Vancouver,,1,1,1,,,,,,,,,,,,,1,1,,,,,1,,,,,,,,1,,,,,,,,,,,,,,,,,,,,,,,,,
38,Data Scientist - Advertising & Attribution,https://www.indeed.ca/rc/clk?jk=e6a60433195af84a&fccid=711526f7ec4307bf&vjs=3,Vancouver,,1,,1,1,,,,,,,,1,,,,1,,,,,,1,,,,,,,,,1,,,,,,,,,,,1,,1,,,,,,,,1,,,
39,Senior Data Analyst,https://www.indeed.ca/rc/clk?jk=ca75db39a882e9cd&fccid=617d7f961cfcf54a&vjs=3,Vancouver,1,1,,1,1,,,,,1,,,1,,,,1,1,1,1,1,,,,,,,1,1,,,,,1,,,,,,1,,,,,1,1,1,,,,,,,,1,
40,Senior Enterprise Data Analyst,https://www.indeed.ca/rc/clk?jk=d88081d9e02cdea4&fccid=cc35cdc10c90c921&vjs=3,Vancouver,,1,,1,1,,,,,1,,,1,,,,,1,,1,,,,,,,,,,,1,,,,,,,,,,,,,,1,1,1,,,,,,1,,,
41,Data Architect (Advanced Analytics),https://www.indeed.ca/rc/clk?jk=eca352b2c2676b3a&fccid=5e6c2d9e10fcf23c&vjs=3,Vancouver,1,1,,1,1,,,,,1,,,1,,,,,1,,1,,,,,,,,,,,,,,1,1,,,1,,,,,,,1,1,1,,,1,,1,1,1,,
42,Machine Learning Engineer / Data Analyst,https://www.indeed.ca/rc/clk?jk=d94f45593f585223&fccid=dd616958bd9ddc12&vjs=3,Vancouver,1,,,1,1,,,1,,1,,,,,,,,,,,,,1,,,,,,,1,1,,,,,,,,,,,,1,,,,,,,,,,1,,,
43,Senior Data Analyst,https://www.indeed.ca/rc/clk?jk=b2d03d9d5de6a267&fccid=027d7cca25a5d14f&vjs=3,Vancouver,,1,,1,1,,,,,,,,1,,,,,1,,1,1,,1,,,,,,,,,,,,,,,,,,,,,,1,,,,,,,,,,,
44,Back-end Software Engineer Co-Op (Summer 2020) - Machine Learning,https://www.indeed.ca/rc/clk?jk=b949cf08982e5156&fccid=aef928e89977f7f0&vjs=3,Vancouver,,,,1,,1,,,,,,,,,,,1,,,,,,1,,,,,,,,,,,,,,,,,,,,,,1,1,,,,,,1,,1,,
45,Senior Game Data Analyst,https://www.indeed.ca/rc/clk?jk=7d7fcf6afffcedde&fccid=fde47f06a6b44d5e&vjs=3,Vancouver,,,,,,,,,,,,,1,,,,,,1,1,,,,,,,,,,,,,,,,,,,,,,,,,1,1,,,,1,1,1,,,,
46,Director of Data and Analytics,https://www.indeed.ca/rc/clk?jk=cc26739911290e98&fccid=7b7909227bb8e2af&vjs=3,Vancouver,,1,,,,,,,,,,,,,,,1,1,1,,,,1,,,,,,,,1,,,,,,,,,,,,,,1,1,,,,,,1,1,1,,
47,Business Intelligence Analyst,https://www.indeed.ca/rc/clk?jk=a92a8f2e0e3c23da&fccid=4c719637234a9580&vjs=3,Vancouver,,1,,1,1,,,,,1,,,1,,,,1,1,1,,1,,,,,,,,,,1,,,,,,,,,,,,,,1,1,,1,,,,1,,,1,
48,Senior Renewable Energy Data Analyst,https://www.indeed.ca/company/Clir-Renewables/jobs/Senior-Renewable-Energy-Data-Analyst-ae98d3c3238694e1?fccid=bd752b445a7b1ada&vjs=3,Vancouver,,,,,,,,,,,,,,,,,,1,1,,,,,,,,,,,,,,,,,,,,,,,,,1,1,1,,,,,,1,,,,
49,"Technical Product Director, Data Analytics",https://www.indeed.ca/rc/clk?jk=a146d6b7fadd13b9&fccid=9579d885a2b359cc&vjs=3,Vancouver,,,,1,1,,1,,1,,,,,,,,,1,1,,,,1,,,,,1,,,,,,1,,,,,,,,,1,,,,,,,,,1,1,1,,
50,Data Science Manager,https://www.indeed.ca/rc/clk?jk=f4591bf644483efb&fccid=fe2d21eef233e94a&vjs=3,Vancouver,,1,,,,,1,,,1,,,,,,,,1,,,,,1,,,,,,,1,1,,,1,,,,,,,,,,,1,1,,,,,,,,1,,
51,"Manager of Data Science, RACE21",https://www.indeed.ca/rc/clk?jk=640f8e5da0f56cd8&fccid=33dfaa8965cf2bf4&vjs=3,Vancouver,1,1,,,,,1,,,1,,,,,,,,1,,,,,1,,,,,,,,1,,,1,,1,,,,,,,1,1,1,1,,,,,,1,1,1,,
52,Data Scientist,https://www.indeed.ca/pagead/clk?mo=r&ad=-6NYlbfkN0AbcLYJH6EEU2hhfUhIe4V-wtZUPXOEfJh72XLwlGjJwXW5GoFa_FpE5T_tYPp8kQ7XdGi53E9kuRHlvWyVxJs7IHFa9CbcbNEaFpC5Jr-szMySZflEEKoLreGUdNZrrTp7w3AkCviqTM5FVG9uTkQA_tSm2YX1zKEnVcKUwD-eJL0Q0hL03kUTRP77UqHlOSpMIp4WAV6Pi2k0Un_6qtHgenHJXxhBvDF7RxptM6cseNNXYygMcqhlHN3im4AALFItZvA_lbpnVmkLktOPj0bo1pcMrK7Z9NHY73OY1gIL6gtXSIVQKgwWC2LY3yqQp_quT2KmqB-BKA8laK3bMn_SMYO0bXj0kp8xAGlZr9y42LtKFX4LbZ49KCF1ZUpOQiQlTc3hekTNQN_TVTX-irwPDdtnxManyx2HeSiTnyiu_wze43oylTvT&p=0&fvj=0&vjs=3,Vancouver,1,1,,1,,,1,,,1,,,,,,,,1,,,,,1,,,,,1,,,,,,,1,,,,,,,,,1,1,1,1,,,,,1,1,,,
53,"Manager of Data Science, RACE21 - Vancouver",https://www.indeed.ca/pagead/clk?mo=r&ad=-6NYlbfkN0COgb4V2UjYp9qNsKIGOmvHVcG-yHWz9LDaJaVNeOircGVmevR22BHAEkSB5zKUi-irKhEHlKXDlbF7lftbogRKpBoop5J137A6e6PFWQjD55YbGNoQEyva4xbvNixJKGUuu4V8SVevVCAOnZCw-1BBn28P2BR7otYT2L8JgXSyyTv2lQQqr88hq2i6rog6_yqoJbrl-IDojAJ6Z-qxj9sytfzCAnPMEWegYCiDej8NtaLeptFc5rjjFBEzjQowMg1XxAtoCcWoo2cPTLqcLidoD7lTNd8v0-iIbjelbWEBy-P8PVprx6VKHTbhGEnaVx5zaO4iC0pTugOYrFh8jeITrg74kGUob1m2A7Sezt7Vv3oZmDi9K6Q_MA5TRssWbYfYXfNkVM6Jth31iFRzohv0TiejvgL4LiwR9WN20ZPyMFAgiyZrWC0nMQrx1Lk5MfFRabOK3oniFcQIB9Zv4BEYmgelrA_MmuCWfXuFNdrKYA0w0iKSFmfyNQGHs7NArabwwwFd2f10qAUINdcx0g9LVOX4B1lya5VDvNOt68FI9HQIUstYTgau_MTpwfHIWIJAwXT_7LnclBqPshOhyL3mpTp25WDLOVfD49Gh0bSjdsCzLeTNyB7ixYamRhfp2HGt4cQNbh5qFgyuUcEGSAZ02DqVR2lKEKw=&p=1&fvj=1&vjs=3,Vancouver,1,1,,,,,1,,,1,,,,,,,,1,,,,,1,,,,,,,,1,,,1,,1,,,,,,,1,1,1,1,,,,,,1,1,1,,
54,Data Scientist,https://www.indeed.ca/pagead/clk?mo=r&ad=-6NYlbfkN0AxBcP6HhQEU3zmHoNFqyX3B9I-4Be35b4HknnWHPZOgeuwSghkS3NkeR7ZiZXPX-f-aI9oGN5K_2g6eOEzQa1r1W3NCqkbdb-D2VldDgGH4NAMzWSjaMWbc9_Bf0XdlcVZE2L3jReRcm_TB4rJfeYJMAbDW6oyAfWG9ixNBwfFifGKvV4T4gR-m2afghywElC5lupw964z6t75Jnb9lU_AOTyc1Xgo7MSlf9jI171SzAIMXisNh0soHprvLPKQ4bxL3rdheOjWPSbO9hJuQEoMI-NwjctXhTdYAQJqr8hlHS8vexzFXY1H_ZPBS1huo30Bgl1oJL2nReEmuMxuRt01Zm3xRZoGSbYs4Ha4naEtYhuTe-aJ94mS_SaH1GwTo8unNeSY3swRKvMBZJiv3KzwXLZ0yoiCpV3wKbW54nOUByAodsJVCYP6BAtridZ-NUVRTJqkg9xiGAKadwR5wl4O&p=2&fvj=0&vjs=3,Vancouver,1,1,,1,1,,,,1,1,,,,,,,,1,1,,,,1,,,,,1,,,1,1,,,1,,,,,,,,,,1,1,,,,,,1,,,,1
55,Data Scientist - Price Point ?€? Start-up company,https://www.indeed.ca/pagead/clk?mo=r&ad=-6NYlbfkN0BJik0eOC2RiRcwALxZHhvolY0CiBGpIrD3jqHmT6hgcj9GGUq3nwzxcDRn3ID9hoVNHpFJfiMZVIbTLeSDpYan5EjveM5VSQwxb-wIO8ETF4oPSskyJ3pEfTv-zY2o0QbQu5_0OiN2yCjGhN3QnRe8qiMdVFW4YY4g9mCzo-k9neRU8C_GeDQjMg_tYj_T2SD1mc1nHo8Q8s1wdCX0WQROerfswicVPNWYH-zp1MiMlg9DqpTMpMI3vDlddIervEYdvGFDiRSavwmmgRbu8gZ8JaLWcGuqivQwrbLZsLp2v4GT6qFF9uwZYdVgZ1fZYaUC3rrP1D0FzTx62MHBxJCLkiDfsdDzcN5adAd-ayXeE0LshbIPziwl9B-aInVsUSmFV-ftqdWfHcj-r1tSR1iVUcmkDt4p01lJiulU3y-J0rQqUCyF-cD0aY4ax4i4hQ2kqfnAWolkaZljAwTvWOOr89qj75l3eOSKKKN2ZPhZ5og3A62UBs9PtQleZ-Roqx9ECkVdnbP9gQuLFIH1gCCLT-BCBnIWGhYW5cRNuQdiWgrIQ518Hl5joo_6ISkWr5_8VuOUvHTnp1_wAQ2NKzi4&p=3&fvj=0&vjs=3,Vancouver,,,,,,,,,,,,,,,,,,1,,,,,1,,,,,,,,1,,,,,,,,,,,,,,,,,,,,,,,,,
56,"Development Expert, SAP Analytics Cloud (Conversational Analytics Team)",https://www.indeed.ca/rc/clk?jk=46a70c2730a5968d&fccid=156c7820d1988640&vjs=3,Vancouver,,,,,,1,,,,,,,1,,,,,1,1,,,,1,,,,,,,,,,,1,,,,,,,,,1,,1,,,,,,,,1,,,
57,Business Intelligence Analyst,https://www.indeed.ca/rc/clk?jk=72a3daf2b489d57a&fccid=cbd933209a1c4370&vjs=3,Vancouver,1,1,,1,1,,,,,1,,,1,,,,,1,1,,1,,,,,,,,,,,,,,,,,,,,,,,,1,1,,,,,,1,,,1,
58,Postdoctoral Fellowship in Data Science for Neurological Diseases,https://www.indeed.ca/rc/clk?cmp=Collaboration-for-Outcomes-Research-and-Evaluation%3B-University-of-British-Columbia&ti=Postdoctoral+Fellowship+Data+Science+N&jk=33c248128f8c407b&fccid=da05629e6ef4910a&vjs=3,Vancouver,,1,,,,,,,,1,1,,,,1,1,1,,1,,,,1,,,,,1,1,,,,,,,,,,,,,,1,,,1,,,,,,,,1,,
59,NLP Engineer,https://www.indeed.ca/rc/clk?jk=9b068b9520f8d974&fccid=e5dee47b559f1141&vjs=3,Vancouver,,,,1,,,,,,,,,1,,,,1,,,,,,1,,,,,,,1,1,,,,,1,,,,1,,,1,,1,1,1,,,,,1,1,1,,
60,Machine Learning Geoscientist,https://www.indeed.ca/rc/clk?jk=8df82cc31dac25bd&fccid=c101d2f34386322e&vjs=3,Vancouver,1,1,,1,1,,,1,,,,,,,,,,,1,,,,1,,,,,,,,1,,,,,,,,,,,,1,,1,1,,,,1,,1,1,1,,
61,"Senior Data Analyst, Supply Chain & Product Analytics",https://www.indeed.ca/rc/clk?jk=d91323e96be5496d&fccid=43f0f7dbd55927e9&vjs=3,Vancouver,1,1,,1,,,,,,1,,,,,,,,1,1,,1,,,,,,,,,,1,1,,1,1,,,,,,1,,,,,1,,,1,,1,1,1,,,
62,"Applied Scientist, Renewable Optimization",https://www.indeed.ca/rc/clk?jk=226b5652cc8e2ce3&fccid=fe2d21eef233e94a&vjs=3,Vancouver,1,1,,1,1,,,1,,1,,,,,,,,1,,,,,1,,,,,,,,1,,,1,1,,,,,,,,,,,1,,,,,,,1,1,,
63,"Applied Science Intern, Machine Learning (Canada)",https://www.indeed.ca/rc/clk?jk=b8bc64dc065af123&fccid=fe2d21eef233e94a&vjs=3,Vancouver,1,1,,1,1,,,1,1,1,,,,,,,,1,1,,,,1,,,,,,,,,,,,,,,,,,,,,,1,1,,,,,,,,,,
64,"Algorithm Developer (data science, C++, Java,Node JS, 4 years +)",https://www.indeed.ca/rc/clk?jk=207017e6ed31868b&fccid=3bb9d46d75d4c919&vjs=3,Vancouver,,,,,,1,1,1,,1,,,,,,,,,,,,,,,,,,,,,,,,,,,,,,,,,1,1,,1,1,1,,,,1,1,,,
65,Artificial Intelligence/Machine Learning,https://www.indeed.ca/company/Synic-Software/jobs/Artificial-Intelligence-Machine-Learning-c190e3cd9eae4d7f?fccid=6efcebd8faa16ffc&vjs=3,Vancouver,1,1,,1,,,1,1,,,,,1,,,,,1,,,,,1,,,,,,,,1,,,,1,,,1,,,,,,1,,,,,,,,,,,,
66,"Senior Data Analyst, Cross Product Portfolio",https://www.indeed.ca/rc/clk?jk=063ea21363c0d512&fccid=a63cc068af79e415&vjs=3,Vancouver,1,1,,,,,,,,,,,1,,,,,1,1,1,,,,,,,,1,,,,,,,,,,,,,,,,,1,1,,,,,,1,,,,
67,Machine Learning Engineer,https://www.indeed.ca/company/Skycope-Technologies-Inc/jobs/Machine-Learning-Engineer-515a641c6962a46e?fccid=d415dd26e99dfd2c&vjs=3,Vancouver,1,1,,1,,,,1,,,,,1,,,,,1,,,,,1,,,,,,,,1,,,,,,,,,,,,1,,,1,,,,,,,,,,
68,Business Intelligence Developer (Contract),https://www.indeed.ca/rc/clk?jk=1a5cbdc4956dd97c&fccid=7c30762e902763ee&vjs=3,Vancouver,,,,,,,1,1,,,,,1,1,,,,,1,1,,,,,,,,,,,1,,,,,,,1,,,,,1,,1,,,,,,,1,1,,,
69,Software Engineer ?€? AI/ Machine Learning,https://www.indeed.ca/rc/clk?jk=e2a618a28b475d86&fccid=2aeca20b468ba6df&vjs=3,Vancouver,,,,1,,,1,1,,,,,,,,,,,,,,,1,,,,,,1,1,1,,,1,,1,,,,,,,,1,,1,1,,,,,1,1,1,,
70,"Senior Data Analyst, Cross Product Portfolio",https://www.indeed.ca/rc/clk?jk=25886e874f408cce&fccid=97b60a8911a47812&vjs=3,Vancouver,1,1,,,,,,,,,,,1,,,,,1,1,1,,,,,,,,1,,,,,,,,,,,,,,,,,1,1,,,,,,1,,,,
71,"Senior Business Analyst, Product Analytics",https://www.indeed.ca/rc/clk?jk=5befedb8d81110b0&fccid=43f0f7dbd55927e9&vjs=3,Vancouver,,,,,,,,,,1,,,1,,,,,1,1,,1,,1,,,,,,1,,1,,,,1,,,,,,,,,,1,1,,,,,,1,1,1,,
72,Market Intelligence Manager - Credit & Collections Strategy & Analytics Team (Vancouver),https://www.indeed.ca/rc/clk?jk=f61a0bb6e7aba820&fccid=4512634d9e7338a8&vjs=3,Vancouver,1,1,,1,1,,,,,,1,,1,,,,,1,1,1,,,,,,,,,,,,,,,,,,,,,1,,,1,1,1,,,,,1,1,1,,,
73,Machine Learning Engineer,https://www.indeed.ca/rc/clk?jk=4cdee376b22d1768&fccid=5d56a0c4df9f5fc5&vjs=3,Vancouver,,1,,1,,,,,,,,,,,,,,1,,,,,1,,1,,,,1,1,1,,,1,,,,,,,,,,1,1,1,,,,,,,,,,
74,Senior Data Analyst - Paid Media,https://www.indeed.ca/rc/clk?jk=7153553c185ca34b&fccid=cc35cdc10c90c921&vjs=3,Vancouver,,1,,1,1,,,,,,,,1,,,,,1,,1,,,1,,,,,,,,1,,,,,,,,,,,,1,,1,,1,,,,,,1,,,
75,"Machine Learning Scientist, Recruiting Technology",https://www.indeed.ca/rc/clk?jk=b00000a10eeb69fa&fccid=fe2d21eef233e94a&vjs=3,Vancouver,1,1,,1,1,,1,1,1,1,,,,,,,,1,,,,,1,,,,,,1,,1,,,,,,,,,,,,,,1,1,,,,,,,,,,
76,Machine Learning Engineer,https://www.indeed.ca/pagead/clk?mo=r&ad=-6NYlbfkN0A7000hUPCMxGwW2vqsju70Hf0EmrA2m_tK6c2VLeUIj5C-hNWZWv1liZIjGouVFiVOg6OT8CpUmF1n_f11WJfONSxoCVSVD-pmGRoRLbRHfApxYpkLW8SR1oTN6-QA-ZuEolVZSBnNmS07jnBAipSSfGkhxjLhYQ9wKUIBadUBbp54zgkP-H-kT2uQ3avkORY4x2Dxld-cwScfaR_mDhUFHdQkobMnwt0_ts5Q7mjmnB8OzVSguiYwC0RASHhdSRPNK01b_LwqAe3aHuEfKyajtpIZp6-M1IYPmMIqd-s5CvwzAHW_ibe-UZNjaE--eJABdJDlblZtop4iv0rCWbCfu1YkiYembIckiBAYuLU7CzliQVqDbJOn9UfxOiSGa40ebM-2lT4F5acC9_R6Unfo_KO60abBF5QmlH13vxMuNom5PnamasGDAizSK0Hk-8YYz7d1cB9ZWzPMESp9QE0J&p=24&fvj=1&vjs=3,Vancouver,1,1,,1,,,,1,,,,,1,,,,,1,,,,,1,,,,,,,,1,,,,,,,,,,,,1,,,1,,,,,,,,,,
77,Business Intelligence Analyst,https://www.indeed.ca/pagead/clk?mo=r&ad=-6NYlbfkN0A9XVhyRKNL2TX6EPOBOteYJsujN_zCQhW7yXpv3_Vta_zt9SQHdCgJ_GxGlUUf1HiwswchMd0Wn8Vdxx-UP4pa7qsBsT6xY_SzAB4PpeBVECaswBgYxeHn7_XA91Fghlpke0d9tdOvzdXT6u37xXYPL7YPUkJOaOb4eZnmPk1xkoRSQSpkJbIlRNu1YWiH_N_jolg5SY1ypyXK-tV6WFkcQovsF11fGThM5xBIHT3kvp-rDQN11_z16_V7W3_AGbmKLLTMI5HlghbivsUdHPQ1783sf_iKfeJ0PMmtFi3ko4ctATit5V04xKkdprYpx9kkIRAu_urCrLqK54pvTqOP2pKqeFBFbj26q2gzGxStveEm4ispmQNB8kgS6vaEJJDTE3d2WgqZzCSyNVHOPea5H3vOpXdVCiWBdUJNQXOJV8vjZahqp_0dMEqpAvFvJ_ZCDgBQuJ5FLL-gL7C5ILZHCoS1WaqBGS9yUsUfgeGFBPBymn-IGDJl77ztY0j7dS6cEAYANKO3kQ==&p=25&fvj=0&vjs=3,Vancouver,,1,,1,1,,,,,1,,,1,,,,1,1,1,,1,,,,,,,,,,1,,,,,,,,,,,,,,1,1,,1,,,,1,,,1,
78,"Summer Camp Instructors - Film, Robotics, Java, AI & Data Science, + More!",https://www.indeed.ca/pagead/clk?mo=r&ad=-6NYlbfkN0CNcpJbx75BWsvBL9R7x7Y_VD3CTIput4kyPakBFyE1nhmQ6JjQgOugrn4IvQWSn84olPPBUEy4G42xqj4Yz8F5pNfbZ5wBVPNVNzc40w8TYsD9TJx7I5bZOkb6nEqPjiiQlytIiKtFBRjgC0cJ10LEQ1GjzIcUH-dCXnFtF1p6RynURo5TUwswSuZbA_PCAadtWZCOHHNr5tr_IhOxasu6KIh38hNS7RtEiBJz_nsnWDmUw5oswz1LPmCgauOahWZ_OWaKPCvAe5CYjMmPL0odwga3F__21Q0S1I9U_QLv_ETD_fj_uuDLLOyJEOL1h4dSQxDtXbNYc8tMQgCfOI7VTedyKeDprXp6HE_FS8ZUZm7XL5ooREyujC-mU1p-In_YBEwAJ6w3pd7VDmNvHmLhv9QHko84Qf3vAOxlVwNZjI8WhhlKqEKMrKPVAkKTumpYOxVN2FZSzLRxt4nbPVVKTR9BirNHOajBtwlC6IXpJLZttJGldxmZf8OWr7jovNUh4BeKnnnjxg==&p=26&fvj=1&vjs=3,Vancouver,,,,1,,1,,,,1,,,,,,,,,,,,,1,,,,,,,,,,,,,,,,,,,,1,,,1,,,,,,,1,,,
79,Machine Learning Engineer,https://www.indeed.ca/pagead/clk?mo=r&ad=-6NYlbfkN0A7000hUPCMxGwW2vqsju70Hf0EmrA2m_tK6c2VLeUIj5C-hNWZWv1liZIjGouVFiVOg6OT8CpUmF1n_f11WJfONSxoCVSVD-pmGRoRLbRHfApxYpkLW8SR1oTN6-QA-ZuEolVZSBnNmS07jnBAipSSfGkhxjLhYQ9wKUIBadUBbp54zgkP-H-k-teWzxwIDwvo8CI3gtXW57tlQmx4srfR2IsxbcRU4zFZuWZQPLXOG6SMffYkLk9CNfklTfMtSJm-hvpXq5SxkqwUcyrqe5qIN4gONgpwVdJzbuL5ECmTZQRFqgqU6_bACOGWdnVbHcxysamkeZjCNA1CQSuN6TeeJMTBpHEKqmUWYgpX_gASDeOojyIY5d4AZ8bityXoFumuS57swHuEEG-q5RN46DaESEEohuSQcWR8nVmjxnCw-7F__U_PI660CqT_jIo-IQPoqn2f6XIJhNiF88evb4bQ&p=0&fvj=1&vjs=3,Vancouver,1,1,,1,,,,1,,,,,1,,,,,1,,,,,1,,,,,,,,1,,,,,,,,,,,,1,,,1,,,,,,,,,,
80,Machine Learning Developer,https://www.indeed.ca/rc/clk?jk=8a78ec6749e86fdd&fccid=28d99c55a9ebe7b6&vjs=3,Vancouver,1,,,,,,,1,,,,,1,,,,,,,,,,1,,,,,,,,1,,,,,,,,,,,,,,,1,,,,,,,,,,
81,Machine Learning Developer,https://www.indeed.ca/rc/clk?jk=28a5b0fd1d4bd289&fccid=248e604a1629acaf&vjs=3,Vancouver,,,,,,,,,,,,,,,,,,,,,,,1,,,,,,,,,,,,,,,,,,,,,1,,,,,,,,1,1,1,,
82,Machine Learning Developer,https://www.indeed.ca/rc/clk?jk=454f01de18c439ee&fccid=67f88ca38d1019a1&vjs=3,Vancouver,,,,,,,,,,,,,,,,,,,,,,,1,,,,,,,,,,,,,,,,,,,,,1,,,,,,,,1,1,1,,
83,"Frontend Developer, Analytics and Machine Learning",https://www.indeed.ca/rc/clk?jk=120ae5e443c88966&fccid=0d3fa1b8c4aea5ad&vjs=3,Vancouver,,,,,,,,,,,,,,,,,1,1,1,,,,1,,,,,,,,,,,,,,,,,,,,,,,,,,,,,,,,,
84,"Summer Camp Instructors - Film, Robotics, Java, AI & Data Science, + More!",https://www.indeed.ca/company/Digital-Media-Academy/jobs/Summer-Camp-Instructor-ad1d08674a85e94b?fccid=38276eab8f0cc1e6&vjs=3,Vancouver,,,,1,,1,,,,1,,,,,,,,,,,,,1,,,,,,,,,,,,,,,,,,,,1,,,1,,,,,,,1,,,
85,Senior Software Engineer - Machine Learning,https://www.indeed.ca/rc/clk?jk=856c6931dfd2292a&fccid=f334737e3fd6818e&vjs=3,Vancouver,,,,1,,,,,,,,,,,,,,1,,1,,,1,,,,,,,,1,,,,,,,,,,,,,,1,1,,,,,,1,1,,1,1
86,Software Development Engineer,https://www.indeed.ca/rc/clk?jk=7dc6448df048c1e0&fccid=fe2d21eef233e94a&vjs=3,Vancouver,,1,,,,,,1,,,,1,1,,,,,1,,,,,1,,,,,,,,,,,,,,,,,,,,,1,,,1,,,,,1,1,,,
87,Deep Learning Developer,https://www.indeed.ca/rc/clk?jk=e8857020eb1107e0&fccid=f864beb9a05023bc&vjs=3,Vancouver,1,,,1,,,,1,,1,,,,,,,,,,,,,1,,,,,,,,1,,,,,,,,,,,,,,,1,1,,,,1,1,,,,
88,"Senior Software Engineer, Machine Learning",https://www.indeed.ca/rc/clk?jk=8a15745ac4428120&fccid=724434d31cc1a378&vjs=3,Vancouver,,,,1,,,,1,,,,,,,,,,,,,,,1,,,,,,,,1,,,,1,1,,1,,,,,,1,,,,,,,,,,,,
89,Data Scientist - Price Point ?€? Start-up company,https://www.indeed.ca/pagead/clk?mo=r&ad=-6NYlbfkN0BJik0eOC2RiRcwALxZHhvolY0CiBGpIrD3jqHmT6hgcj9GGUq3nwzxcDRn3ID9hoVNHpFJfiMZVIbTLeSDpYan5EjveM5VSQwxb-wIO8ETF4oPSskyJ3pEfTv-zY2o0QbQu5_0OiN2yCjGhN3QnRe8qiMdVFW4YY4g9mCzo-k9nSuVd-PDjbO4Xc1t2ozA4ybZ-7kKOjbWFa8gWtDnNPvGskvnMfsAzfb3pVf4mb0qSqVIFvoHaeYS8q6Zw8QBRkFUWePSzZPJOjajfKJJmf6qkU1ie59WLP6GvYoxD8XH7ZcLdyyTQVnrkIJqGOTlDtFlq24ZrkQB24KzvUQBNoHC7gk3pABzV5ExciSmh7Z18FYfDwRW4-UDg1F4fILa0II6ax739tU1rvUOQWeQdspCWOmfeIw7RUKS05WyyTShCF5HG3qAzvkhMzfSFgxN96daVKGXYNRic8BalZBMW-kWOCmnsGfpkxdlt6qcXckzYoCTAJ0il8XTmdeX8cjEEjCiZWn-jr86kiRpHC9SzFyPn4SbBkrvDfY3NhUse80ovgNQD38ejbVtMSlcaRRvG6n3jYCLacXrKVAP_SwAIOKO&p=10&fvj=0&vjs=3,Vancouver,,,,,,,,,,,,,,,,,,1,,,,,1,,,,,,,,1,,,,,,,,,,,,,,,,,,,,,,,,,
90,Data Scientist,https://www.indeed.ca/pagead/clk?mo=r&ad=-6NYlbfkN0AxBcP6HhQEU3zmHoNFqyX3B9I-4Be35b4HknnWHPZOgeuwSghkS3NkeR7ZiZXPX-f-aI9oGN5K_2g6eOEzQa1r1W3NCqkbdb-D2VldDgGH4NAMzWSjaMWbc9_Bf0XdlcVZE2L3jReRcm_TB4rJfeYJMAbDW6oyAfWG9ixNBwfFiSfEgWCK23006EW2OvBpHWbPfravNGJc1UWnOcLj7V-n5bNss87ywaNod1uKZqyduSCgq83sf5wDc9N5DdEief_mn_4JrOQSGqBBmkfcwhOofqvkaS32b8VUwSj5V3V8gooSHG7cIQi8vkhjEWxBbwgcX8TbqyZO4OoEuQDiZzsUcH8EfL6kOH-khEqs4AQqz2ComXv13zK4DJiARwJVsCqpLhLHgCwEBfs8MIab8cOZin1QxcolZtpeXa1F4kuceAhw886GbD8R8LSiYcl4qOdElSVpb623gTnvm4LUqekC&p=11&fvj=0&vjs=3,Vancouver,1,1,,1,1,,,,1,1,,,,,,,,1,1,,,,1,,,,,1,,,1,1,,,1,,,,,,,,,,1,1,,,,,,1,,,,1
91,"Summer Camp Instructors - Film, Robotics, Java, AI & Data Science, + More!",https://www.indeed.ca/pagead/clk?mo=r&ad=-6NYlbfkN0CNcpJbx75BWsvBL9R7x7Y_VD3CTIput4kyPakBFyE1nhmQ6JjQgOugrn4IvQWSn84olPPBUEy4G42xqj4Yz8F5pNfbZ5wBVPNVNzc40w8TYsD9TJx7I5bZOkb6nEqPjiiQlytIiKtFBRjgC0cJ10LEQ1GjzIcUH-dCXnFtF1p6RynURo5TUwswUsYN3_OYATlzXSBJlXVH8DQh8hu_FxoywzxhLfyrm4VROF-WYWSYjTzqmtip9ibh8sjEIt82s0ZrMxFg_P0sKQ_KEZfmE5PcnNEAgypfXqJdrn8X2UJBUyO-dVHGTz9spTB0B4ALyuaKPQyS4ihe7KATOWwNA2983IepYUmzDnrmRuqf2cadpWM2GVwqHwqEGB27DHAXvtmzNnmpV7F4wHNlmRFvvri_l_p_IUhs_b1dnMP3Y9QR2xSvLOufDIq3ocmAiGTJyFVqN7QwXZOwCpCgRpcRBLL6ywLSktm-LluOBDqAry0-oRdr0KeFlF2CNKEgbp_0qS1Dks_r7uGK2g==&p=12&fvj=1&vjs=3,Vancouver,,,,1,,1,,,,1,,,,,,,,,,,,,1,,,,,,,,,,,,,,,,,,,,1,,,1,,,,,,,1,,,
92,Data Scientist,https://www.indeed.ca/pagead/clk?mo=r&ad=-6NYlbfkN0AbcLYJH6EEU2hhfUhIe4V-wtZUPXOEfJh72XLwlGjJwXW5GoFa_FpE5T_tYPp8kQ7XdGi53E9kuRHlvWyVxJs7IHFa9CbcbNEaFpC5Jr-szMySZflEEKoLreGUdNZrrTp7w3AkCviqTM5FVG9uTkQA_tSm2YX1zKEnVcKUwD-eJLwciJlp06VeXAFREI0H1Q1qZ82XhdKdWn1NWytS_xSMih_mqQhhBAt8gp31ojzz24v88JfxRIZvjV3sPa9O6ktCJ42rSl3r5WeNdWG9ZE6fqT0ipiCIU6nvPq1CgvJnB5ZviSPBTqHRc_vi8UV6Hx7vkTnYzz7w2GAR494EnPblILbxgVKOjEkxHEa2Eqc6MDmEVZM7uvJD5ZdMNCurSZuVvEcn3cfKDvoxHZGxrPh24ihiT9NTXmt0jrYC35cetselAqcpCu9d&p=13&fvj=0&vjs=3,Vancouver,1,1,,1,,,1,,,1,,,,,,,,1,,,,,1,,,,,1,,,,,,,1,,,,,,,,,1,1,1,1,,,,,1,1,,,
93,"Manager of Data Science, RACE21 - Vancouver",https://www.indeed.ca/pagead/clk?mo=r&ad=-6NYlbfkN0COgb4V2UjYp9qNsKIGOmvHVcG-yHWz9LDaJaVNeOircGVmevR22BHAEkSB5zKUi-irKhEHlKXDlbF7lftbogRKpBoop5J137A6e6PFWQjD55YbGNoQEyva4xbvNixJKGUuu4V8SVevVCAOnZCw-1BBn28P2BR7otYT2L8JgXSyyTv2lQQqr88hP5A7qA8OIm277kRjtLeIPyEM8JM2478fUG0_iRt-Um1CKOu3KYIQ1DCd5IMq3mhwFnWUDir6IoOw_V-mTchl97iNpOwwFyEhyM_vfHrU4QevdMFjkW4U2-eA0f90JI47QsNx9vNDt1igINvQ_dzgKmK7YyEonNsd1aw0hpRQUMOnB0v9n8r2J4dd0MTueN6jfA04Z2f7n52uNCzLCm7CFxr_Up-er20UuGDng3JVRhXKvsrrbuSVHc_opxv5EE0Ko0sbPwGVNKyCP1x2SO8kVzmOnQVqCBFJaM3pE8chHHRjYJcZvEWePSpbik_U-TsdLjRA4PKvLXrpSG_EOUPmp63Qqn2HnXf9WJflxj8UshomAx40AQTIQOM6FIz0KNf2ONmW4ex4eVXTA_fwwxmc5zzOikNUEJMAKK3-9SQL0PEtk7jF-xP-0g8oejvDM1wQhrvi6OdjfcLpeELy8KcYve5lAsIKXNizlJsfJTZflqY=&p=14&fvj=1&vjs=3,Vancouver,1,1,,,,,1,,,1,,,,,,,,1,,,,,1,,,,,,,,1,,,1,,1,,,,,,,1,1,1,1,,,,,,1,1,1,,
94,Business Intelligence Analyst,https://www.indeed.ca/pagead/clk?mo=r&ad=-6NYlbfkN0A9XVhyRKNL2TX6EPOBOteYJsujN_zCQhW7yXpv3_Vta_zt9SQHdCgJ_GxGlUUf1HiwswchMd0Wn8Vdxx-UP4pa7qsBsT6xY_SzAB4PpeBVECaswBgYxeHn7_XA91Fghlpke0d9tdOvzdXT6u37xXYPL7YPUkJOaOb4eZnmPk1xkru_ylKkOeolaNJBKBv_i4NtmguFRUSRCBT278dZYWwxJ1hrB7f0fzJlEr7qRxBarLM8EQzIiXN6OYfZB9VF-lDyzrP_PL6WI0yqnNlAPZ_LSDaL7M0CRecM3a9ryGNgZLyMFDaMtUQ3OiMZ14ShvDCQ451E4t7jdwDuqQmScQxlVYtHcjp4o9GpNqxqw6-shqBrE2Cal7mojGxTq3emI9d8Dkh-8rZGEc1tRWzPiMidX0-yNUruBqA1YAJkQRxW_gYNOiwqbzz1uf2T14JuwDxo438ZDW9Ux3y18I4CV01bAk2L41-GVGmQaVSUEFAWfUZS5M-hnww-KzHIna5DIWk=&p=15&fvj=0&vjs=3,Vancouver,,1,,1,1,,,,,1,,,1,,,,1,1,1,,1,,,,,,,,,,1,,,,,,,,,,,,,,1,1,,1,,,,1,,,1,
